"Green Infrastructure: EPA Campus Rainwater Challenge";"computing for good"
"Green Infrastructure: EPA Campus Rainwater Challenge";"doing good for your neighborhood"
"Problems in Biomedical Engineering";"computing for good"
"Problems in Biomedical Engineering";"doing good for your neighborhood"
"Environmental Policy and Politics";"urban development"
"Environmental Policy and Politics";"sustainable communities"
"Urban Forest";"urban development"
"Urban Forest";"sustainable communities"
"Honors Biological Principles: Honors Organismal Biology";"sustainable communities"
"Introduction to Environmental Science";"urban development"
"Introduction to Environmental Science";"sustainable communities"
"Habitable Planet";"urban development"
"Habitable Planet";"sustainable communities"
"Physics of the Weather";"urban development"
"Physics of the Weather";"sustainable communities"
"Intro to CS";"urban development"
"Intro to CS";"sustainable communities"
"Accounting 1";"doing good for your neighborhood"
"Presenting 202";"urban development"
"Presenting 202";"adaptive learning"
"Intro to Circits";"reciprocal teaching and learning"
"Intro to Circits";"crowd-sourced"
"Machine Lab";"collaborative action"
"Machine Lab";"technology for social good"
"Business Process";"crowd-sourced"
"Thermodynamics";"adaptive learning"
"Thermodynamics";"crowd-sourced"
"Advanced Computer Parts";"technology for social good"
"Macroeconomics";"crowd-sourced"
"Intro to Chinese";"reciprocal teaching and learning"
"Intro to Chinese";"crowd-sourced"
"Intro to Graph Theory";"crowd-sourced"
"Intro to Graph Theory";"computing for good"