Computational Media,College of Computing
Computer Science,College of Computing
Architecture,College of Design
Industrial Design,College of Design
Music Technology,College of Design
Aerospace Engineering,College of Engineering
Biomedical Engineering,College of Engineering
Chemical and Biomolecular Engineering - Biotechnology Option,College of Engineering
Chemical and Biomolecular Engineering,College of Engineering
Civil Engineering,College of Engineering
Computer Engineering,College of Engineering
Electrical Engineering,College of Engineering
Environmental Engineering,College of Engineering
Industrial Engineering,College of Engineering
Materials Science and Engineering,College of Engineering
Mechanical Engineering,College of Engineering
Nuclear and Radiological Engineering,College of Engineering
Applied Mathematics,College of Sciences
Applied Physics,College of Sciences
Biochemistry,College of Sciences
Biology,College of Sciences
Chemistry,College of Sciences
Discrete Mathematics,College of Sciences
Earth and Atmospheric Sciences,College of Sciences
Physics,College of Sciences
Psychology,College of Sciences
Applied Language and Intercultural Studies,Ivan Allen College of Liberal Arts
Economics,Ivan Allen College of Liberal Arts
Economics and International Affairs,Ivan Allen College of Liberal Arts
Global Economics and Modern Languages,Ivan Allen College of Liberal Arts
History Technology and Society,Ivan Allen College of Liberal Arts
International Affairs,Ivan Allen College of Liberal Arts
International Affairs and Modern Language,Ivan Allen College of Liberal Arts
Literature Media and Communication,Ivan Allen College of Liberal Arts
Public Policy,Ivan Allen College of Liberal Arts
Business Administration,Scheller College of Business